{"alias": {"add": {"active": {"description": "is alias active or not", "type": "boolean"}, "address": {"description": "alias address, for catchall use \"@domain.tld\"", "type": "string"}, "goto": {"description": "destination address, comma separated", "type": "string"}, "goto_ham": {"description": "learn as ham", "type": "boolean"}, "goto_null": {"description": "silently ignore", "type": "boolean"}, "goto_spam": {"description": "learn as spam", "type": "boolean"}, "sogo_visible": {"description": "toggle visibility as selectable sender in SOGo", "type": "boolean"}}, "delete": {"items": {"example": "6", "type": "string"}}, "edit": {"items": {"description": "contains list of aliases you want update", "type": "object"}, "active": {"description": "is alias active or not", "type": "boolean"}, "address": {"description": "alias address, for catchall use \"@domain.tld\"", "type": "string"}, "goto": {"description": "destination address, comma separated", "type": "string"}, "goto_ham": {"description": "learn as ham", "type": "boolean"}, "goto_null": {"description": "silently ignore", "type": "boolean"}, "goto_spam": {"description": "learn as spam", "type": "boolean"}, "private_comment": {"type": "string"}, "public_comment": {"type": "string"}, "sogo_visible": {"description": "toggle visibility as selectable sender in SOGo", "type": "boolean"}}, "get": {"all": {"description": "get all entries", "type": "bool"}, "id": {"description": "id of entry you want to get", "type": "string"}}}, "time_limited_alias": {"add": {"username": {"description": "the mailbox an alias should be created for", "type": "string"}, "domain": {"description": "the domain", "type": "string"}}}, "app-passwd": {"add": {"active": {"description": "is alias active or not", "type": "boolean"}, "username": {"description": "mailbox for which the app password should be created", "type": "string"}, "app_name": {"description": "name of your app password", "type": "string"}, "app_passwd": {"description": "your app password", "type": "string"}, "app_passwd2": {"description": "your app password", "type": "string"}}, "delete": {"items": {"description": "contains list of app passwords you want to delete", "type": "object"}}, "get": {"all": {"description": "get all entries", "type": "bool"}, "mailbox": {"description": "mailbox of entry you want to get", "type": "string"}}}, "bcc": {"add": {"active": {"description": "1 for a active user account 0 for a disabled user account", "type": "number"}, "bcc_dest": {"description": "the email address where all mails should be send to", "type": "string"}, "local_dest": {"description": "the domain which emails should be forwarded", "type": "string"}, "type": {"description": "the type of bcc map can be `sender` or `recipient`", "type": "string"}}, "delete": {"items": {"description": "contains list of bcc maps you want to delete", "type": "object"}}, "get": {"all": {"description": "get all entries", "type": "bool"}, "id": {"description": "id of entry you want to get", "type": "string"}}}, "dkim": {"add": {"dkim_selector": {"description": "the DKIM selector default dkim", "type": "string"}, "domains": {"description": "a list of domains for which a dkim key should be generated", "type": "string"}, "key_size": {"description": "the key size (1024 or 2048)", "type": "number"}}, "delete": {"items": {"example": ["mailcow.tld"], "type": "string"}}, "get": {"domain": {"description": "name of domain", "type": "string"}}}, "dkim_duplicate": {"add": {"fron_domain": {"description": "the domain where the dkim key should be copied from", "type": "string"}, "to_domain": {"description": "the domain where the dkim key should be copied to", "type": "string"}}}, "domain": {"add": {"active": {"description": "is domain active or not", "type": "boolean"}, "aliases": {"description": "limit count of aliases associated with this domain", "type": "number"}, "backupmx": {"description": "relay domain or not", "type": "boolean"}, "defquota": {"description": "predefined mailbox quota in `add mailbox` form", "type": "number"}, "description": {"description": "Description of domain", "type": "string"}, "domain": {"description": "Fully qualified domain name", "type": "string"}, "gal": {"description": "is domain global address list active or not, it enables shared contacts accross domain in SOGo webmail", "type": "boolean"}, "mailboxes": {"description": "limit count of mailboxes associated with this domain", "type": "number"}, "maxquota": {"description": "maximum quota per mailbox", "type": "number"}, "quota": {"description": "maximum quota for this domain (for all mailboxes in sum)", "type": "number"}, "restart_sogo": {"description": "restart SOGo to activate the domain in SOGo", "type": "number"}, "relay_all_recipients": {"description": "if not, them you have to create \"dummy\" mailbox for each address to relay", "type": "boolean"}, "relay_unknown_only": {"description": "Relay non-existing mailboxes only. Existing mailboxes will be delivered locally.", "type": "boolean"}, "rl_frame": {"enum": ["s", "m", "h", "d"], "type": "string"}, "rl_value": {"description": "rate limit value", "type": "number"}, "tags": {"description": "tags for this Domain", "type": "array", "items": {"type": "string"}}}, "delete": {"items": {"description": "contains list of domains you want to delete", "type": "object"}, "tag": {"description": "get tag entries", "type": "bool"}, "domain": {"description": "name of domain", "type": "string"}}, "edit": {"items": {"description": "contains list of domain names you want update", "type": "array", "items": {"type": "string"}}, "active": {"description": "is domain active or not", "type": "boolean"}, "aliases": {"description": "limit count of aliases associated with this domain", "type": "number"}, "backupmx": {"description": "relay domain or not", "type": "boolean"}, "defquota": {"description": "predefined mailbox quota in `add mailbox` form", "type": "number"}, "description": {"description": "Description of domain", "type": "string"}, "gal": {"description": "is domain global address list active or not, it enables shared contacts accross domain in SOGo webmail", "type": "boolean"}, "mailboxes": {"description": "limit count of mailboxes associated with this domain", "type": "number"}, "maxquota": {"description": "maximum quota per mailbox", "type": "number"}, "quota": {"description": "maximum quota for this domain (for all mailboxes in sum)", "type": "number"}, "relay_all_recipients": {"description": "if not, them you have to create \"dummy\" mailbox for each address to relay", "type": "boolean"}, "relay_unknown_only": {"description": "Relay non-existing mailboxes only. Existing mailboxes will be delivered locally.", "type": "boolean"}, "relayhost": {"description": "id of relayhost", "type": "number"}, "rl_frame": {"enum": ["s", "m", "h", "d"], "type": "string"}, "rl_value": {"description": "rate limit value", "type": "number"}, "tags": {"description": "tags for this Domain", "type": "array", "items": {"type": "string"}}}, "get": {"all": {"description": "get all entries", "type": "bool"}, "id": {"description": "id of entry you want to get", "type": "string"}}}, "domain-admin": {"add": {"active": {"description": "1 for a active user account 0 for a disabled user account", "type": "number"}, "domains": {"description": "the domains the user should be a admin of", "type": "string"}, "password": {"description": "domain admin user password", "type": "string"}, "password2": {"description": "domain admin user password", "type": "string"}, "username": {"description": "the username for the admin user", "type": "string"}}, "edit": {"items": {"description": "contains the domain admin username you want to edit", "type": "object"}, "active": {"description": "is the domain admin active or not", "type": "boolean"}, "username_new": {"description": "the username of the domain admin, change this to change the username", "type": "string"}, "domains": {"description": "a list of all domains managed by this domain admin", "type": "array", "items": {"type": "string"}}, "password": {"description": "the new domain admin user password", "type": "string"}, "password2": {"description": "the new domain admin user password for confirmation", "type": "string"}}, "delete": {"items": {"description": "contains list of usernames of the users you want to delete", "type": "object"}}, "get": {"all": {"description": "get all entries", "type": "bool"}}}, "sso": {"add": {"domain-admin": {"description": "get domain-admin entries", "type": "bool"}, "username": {"description": "the username for the admin user", "type": "object"}}}, "da-acl": {"edit": {"items": {"description": "contains the domain admin username you want to edit", "type": "object"}, "da_acl": {"description": "contains the list of acl names that are active for this user", "type": "object"}}}, "domain-policy": {"add": {"domain": {"description": "domain name to which policy is associated to", "type": "string"}, "object_from": {"description": "exact address or use wildcard to match whole domain", "type": "string"}, "object_list": {"enum": ["wl", "bl"], "type": "string"}}, "delete": {"items": {"description": "contains list of domain policys you want to delete", "type": "object"}}}, "fwdhost": {"add": {"filter_spam": {"description": "1 to enable spam filter, 0 to disable spam filter", "type": "number"}, "hostname": {"description": "contains the hostname you want to add", "type": "string"}}, "delete": {"ip": {"description": "contains the ip of the fowarding host you want to delete", "type": "string"}}, "get": {"all": {"description": "get all entries", "type": "bool"}}}, "mailbox": {"add": {"active": {"description": "is mailbox active or not", "type": "boolean"}, "domain": {"description": "domain name", "type": "string"}, "local_part": {"description": "left part of email address", "type": "string"}, "name": {"description": "Full name of the mailbox user", "type": "string"}, "password2": {"description": "mailbox password for confirmation", "type": "string"}, "password": {"description": "mailbox password", "type": "string"}, "quota": {"description": "mailbox quota", "type": "number"}, "force_pw_update": {"description": "forces the user to update its password on first login", "type": "boolean"}, "tls_enforce_in": {"description": "force inbound email tls encryption", "type": "boolean"}, "tls_enforce_out": {"description": "force oubound tmail tls encryption", "type": "boolean"}}, "delete": {"items": {"description": "contains list of mailboxes you want to delete", "type": "object"}, "tag": {"description": "get tag entries", "type": "bool"}, "mailbox": {"description": "name of mailbox", "type": "string"}}, "edit": {"items": {"description": "contains list of mailboxes you want update", "type": "object"}, "active": {"description": "is mailbox active or not", "type": "boolean"}, "force_pw_update": {"description": "force user to change password on next login", "type": "boolean"}, "name": {"description": "Full name of the mailbox user", "type": "string"}, "password2": {"description": "new mailbox password for confirmation", "type": "string"}, "password": {"description": "new mailbox password", "type": "string"}, "quota": {"description": "mailbox quota", "type": "number"}, "sender_acl": {"description": "list of allowed send from addresses", "type": "object"}, "sogo_access": {"description": "is access to SOGo webmail active or not", "type": "boolean"}}, "get": {"all": {"description": "get all entries", "type": "bool"}, "id": {"description": "id of entry you want to get", "type": "string"}, "domain": {"description": "name of domain", "type": "string"}}}, "oauth2-client": {"add": {"redirect_uri": {"description": "the uri where you should be redirected after oAuth", "type": "string"}}, "delete": {"items": {"description": "contains list of oAuth clients you want to delete", "type": "object"}}, "get": {"all": {"description": "get all entries", "type": "bool"}, "id": {"description": "id of entry you want to get", "type": "string"}}}, "recipient_map": {"add": {"active": {"description": "1 for a active user account 0 for a disabled user account", "type": "number"}, "recipient_map_new": {"description": "the email address that should receive the forwarded emails", "type": "string"}, "recipient_map_old": {"description": "the email address which emails should be forwarded", "type": "string"}}, "delete": {"items": {"description": "contains list of recipient maps you want to delete", "type": "object"}}, "get": {"all": {"description": "get all entries", "type": "bool"}, "id": {"description": "id of entry you want to get", "type": "string"}}}, "relayhost": {"add": {"hostname": {"description": "the hostname of the smtp server with port", "type": "string"}, "password": {"description": "the password for the smtp user", "type": "string"}, "username": {"description": "the username used to authenticate", "type": "string"}}, "delete": {"items": {"description": "contains list of Sender-Dependent Transport you want to delete", "type": "object"}}, "get": {"all": {"description": "get all entries", "type": "bool"}, "id": {"description": "id of entry you want to get", "type": "string"}}}, "resource": {"add": {"active": {"description": "1 for a active transport map 0 for a disabled transport map", "type": "number"}, "description": {"description": "a description of the resource", "type": "string"}, "domain": {"description": "the domain for which the resource should be", "type": "string"}, "kind": {"description": "the kind of recouse", "enum": ["location", "group", "thing"], "type": "string"}, "multiple_bookings": {"enum": ["-1", "1", "custom"], "type": "string"}, "multiple_bookings_custom": {"description": "always empty", "type": "number"}, "multiple_bookings_select": {"enum": ["-1", "1", "custom"], "type": "string"}}, "delete": {"items": {"description": "contains list of Resources you want to delete", "type": "object"}}, "get": {"all": {"description": "get all entries", "type": "bool"}}}, "syncjob": {"add": {"parameters": {"description": "your local mailcow mailbox", "type": "string"}, "host1": {"description": "the smtp server where mails should be synced from", "type": "string"}, "port1": {"description": "the smtp port of the target mail server", "type": "string"}, "password": {"description": "the password of the mailbox", "type": "string"}, "enc1": {"description": "the encryption method used to connect to the mailserver", "type": "string"}, "mins_internal": {"description": "the interval in which messages should be syned", "type": "number"}, "subfolder2": {"description": "sync into subfolder on destination (empty = do not use subfolder)", "type": "string"}, "maxage": {"description": "only sync messages up to this age in days", "type": "number"}, "maxbytespersecond": {"description": "max speed transfer limit for the sync", "type": "number"}, "timeout1": {"description": "timeout for connection to remote host", "type": "number"}, "timeout2": {"description": "timeout for connection to local host", "type": "number"}, "exclude": {"description": "exclude objects (regex)", "type": "string"}, "custom_params": {"description": "custom parameters", "type": "string"}, "delete2duplicates": {"description": "delete duplicates on destination (--delete2duplicates)", "type": "boolean"}, "delete1": {"description": "delete from source when completed (--delete1)", "type": "boolean"}, "delete2": {"description": "delete messages on destination that are not on source (--delete2)", "type": "boolean"}, "automap": {"description": "try to automap folders (\"Sent items\", \"Sent\" => \"Sent\" etc.) (--automap)", "type": "boolean"}, "skipcrossduplicates": {"description": "skip duplicate messages across folders (first come, first serve) (--skipcrossduplicates)", "type": "boolean"}, "subscribeall": {"description": "subscribe all folders (--subscribeall)", "type": "boolean"}, "active": {"description": "enables or disables the sync job", "type": "boolean"}}, "delete": {"items": {"description": "contains list of aliases you want to delete", "type": "object"}}, "edit": {"items": {"description": "contains list of aliases you want update", "type": "object"}, "active": {"description": "Is sync job active", "type": "boolean"}, "automap": {"description": "Try to automap folders (\"Sent items\", \"Sent\" => \"Sent\" etc.)", "type": "boolean"}, "custom_params": {"description": "Custom parameters passed to imapsync command", "type": "string"}, "delete1": {"description": "Delete from source when completed", "type": "boolean"}, "delete2": {"description": "Delete messages on destination that are not on source", "type": "boolean"}, "delete2duplicates": {"description": "Delete duplicates on destination", "type": "boolean"}, "enc1": {"description": "Encryption", "enum": ["TLS", "SSL", "PLAIN"], "type": "string"}, "exclude": {"description": "Exclude objects (regex)", "type": "string"}, "host1": {"description": "Hostname", "type": "string"}, "maxage": {"description": "Maximum age of messages in days that will be polled from remote (0 = ignore age)", "type": "number"}, "maxbytespersecond": {"description": "Max. bytes per second (0 = unlimited)", "type": "number"}, "mins_interval": {"description": "Interval (min)", "type": "number"}, "password1": {"description": "Password", "type": "string"}, "port1": {"description": "Port", "type": "string"}, "skipcrossduplicates": {"description": "Skip duplicate messages across folders (first come, first serve)", "type": "boolean"}, "subfolder2": {"description": "Sync into subfolder on destination (empty = do not use subfolder)", "type": "string"}, "subscribeall": {"description": "Subscribe all folders", "type": "boolean"}, "timeout1": {"description": "Timeout for connection to remote host", "type": "number"}, "timeout2": {"description": "Timeout for connection to local host", "type": "number"}, "user1": {"description": "Username", "type": "string"}}}, "tls-policy-map": {"add": {"parameters": {"description": "custom parameters you find out more about them [here](http://www.postfix.org/postconf.5.html#smtp_tls_policy_maps)", "type": "string"}, "active": {"description": "1 for a active user account 0 for a disabled user account", "type": "number"}, "dest": {"description": "the target domain or email address", "type": "string"}, "policy": {"description": "the policy", "enum": ["none", "may", "encrypt", "dane", "'dane", "fingerprint", "verify", "secure"], "type": "string"}}, "delete": {"items": {"description": "contains list of tls policy maps you want to delete", "type": "object"}}, "get": {"all": {"description": "get all entries", "type": "bool"}, "id": {"description": "id of entry you want to get", "type": "string"}}}, "transport": {"add": {"active": {"description": "1 for a active transport map 0 for a disabled transport map", "type": "number"}, "destination": {"type": "string"}, "nexthop": {"type": "string"}, "password": {"description": "the password for the smtp user", "type": "string"}, "username": {"description": "the username used to authenticate", "type": "string"}}, "delete": {"items": {"description": "contains list of transport maps you want to delete", "type": "object"}}, "get": {"all": {"description": "get all entries", "type": "bool"}, "id": {"description": "id of entry you want to get", "type": "string"}}}, "mailq": {"delete": {"action": {"description": "use super_delete to delete the mail queue", "type": "string"}}, "edit": {"action": {"description": "use flush to flush the mail queue", "type": "string"}}, "get": {"all": {"description": "get all entries", "type": "bool"}}}, "qitem": {"delete": {"items": {"description": "contains list of emails you want to delete", "type": "object"}}}, "fail2ban": {"edit": {"items": {"description": "has to be none"}, "backlist": {"description": "the backlisted ips or hostnames separated by comma", "type": "string"}, "ban_time": {"description": "the time an ip should be banned", "type": "number"}, "ban_time_increment": {"description": "if the time of the ban should increase each time", "type": "boolean"}, "max_attempts": {"description": "the maximum numbe of wrong logins before a ip is banned", "type": "number"}, "max_ban_time": {"description": "the maximum time an ip should be banned", "type": "number"}, "netban_ipv4": {"description": "the networks mask to ban for ipv4", "type": "number"}, "netban_ipv6": {"description": "the networks mask to ban for ipv6", "type": "number"}, "retry_window": {"description": "the maximum time in which a ip as to login with false credentials to be banned", "type": "number"}, "whitelist": {"description": "whitelisted ips or hostnames sepereated by comma", "type": "string"}}, "get": {}}, "pushover": {"edit": {"items": {"description": "contains list of mailboxes you want to delete", "type": "object"}, "active": {"description": "Enables pushover 1 disable pushover 0", "type": "number"}, "evaluate_x_prio": {"description": "Send the Push with High priority", "type": "number"}, "key": {"description": "Pushover key", "type": "string"}, "only_x_prio": {"description": "Only send push for prio mails", "type": "number"}, "sound": {"description": "Set notification sound", "type": "string"}, "senders": {"description": "Only send push for emails from these senders", "type": "string"}, "senders_regex": {"description": "Regex to match senders for which a push will be send", "type": "string"}, "text": {"description": "Custom push noficiation text", "type": "string"}, "title": {"description": "Push title", "type": "string"}, "token": {"description": "Pushover token", "type": "string"}}}, "quarantine_notification": {"edit": {"items": {"description": "contains list of mailboxes you want set qurantine notifications", "type": "object"}, "quarantine_notification": {"description": "recurrence", "enum": ["hourly", "daily", "weekly", "never"], "type": "string"}}}, "user-acl": {"edit": {"items": {"description": "contains list of mailboxes you want to delete", "type": "object"}, "user_acl": {"description": "contains a list of active user acls", "type": "object"}}}, "time_limited_aliases": {"get": {"mailbox": {"description": "mailbox you want to get aliasses from", "type": "string"}}}, "logs": {"get": {"acme": {"description": "get acme entries", "type": "bool"}, "count": {"description": "Number of logs to return", "type": "number"}, "api": {"description": "get api entries", "type": "bool"}, "autodiscover": {"description": "get autodiscover entries", "type": "bool"}, "dovecot": {"description": "get dovecot entries", "type": "bool"}, "netfilter": {"description": "get netfilter entries", "type": "bool"}, "postfix": {"description": "get postfix entries", "type": "bool"}, "ratelimited": {"description": "get ratelimited entries", "type": "bool"}, "rspamd-history": {"description": "get rspamd-history entries", "type": "bool"}, "sogo": {"description": "get sogo entries", "type": "bool"}, "watchdog": {"description": "get watchdog entries", "type": "bool"}}}, "policy_bl_domain": {"get": {"domain": {"description": "name of domain", "type": "string"}}}, "policy_wl_domain": {"get": {"domain": {"description": "name of domain", "type": "string"}}}, "quarantine": {"get": {"all": {"description": "get all entries", "type": "bool"}}}, "rl-mbox": {"get": {"mailbox": {"description": "name of mailbox or all", "type": "string"}}, "edit": {"items": {"description": "contains list of mailboxes you want to edit the ratelimit of", "type": "object"}, "rl_frame": {"description": "contains the frame for the ratelimit h,s,m", "type": "string"}, "rl_value": {"description": "contains the rate for the ratelimit 10,20,50,1", "type": "number"}}}, "rl-domain": {"get": {"domain": {"description": "name of domain or all", "type": "string"}}, "edit": {"items": {"description": "contains list of domains you want to edit the ratelimit of", "type": "object"}, "rl_frame": {"description": "contains the frame for the ratelimit h,s,m", "type": "string"}, "rl_value": {"description": "contains the rate for the ratelimit 10,20,50,1", "type": "number"}}}, "status": {"get": {"containers": {"description": "get containers entries", "type": "bool"}, "solr": {"description": "get solr entries", "type": "bool"}, "vmail": {"description": "get vmail entries", "type": "bool"}, "version": {"description": "get version entries", "type": "bool"}}}, "syncjobs": {"get": {"all": {"description": "get all entries", "type": "bool"}, "no_log": {"description": "get no_log entries", "type": "bool"}}}, "spam-score": {"edit": {}}, "cors": {"edit": {"allowed_origins": {"type": "array", "items": {"type": "string"}}, "allowed_methods": {"type": "array", "items": {"type": "string"}}}}}